Tool,Market,Keyword,English meaning,Volume (extension),Top 1 site,Top 1 site traffic (Similarweb),Working local-language tool in top 5? (Y/N),Weakness seen (English / paywall / signup / old design / only articles / none),Verdict (Green/Yellow/Red),Notes
E-invoice viewer,DE,xrechnung viewer,XRechnung e-invoice viewer,,,,,,,
E-invoice viewer,DE,zugferd viewer online,ZUGFeRD invoice viewer,,,,,,,
E-invoice viewer,IT,visualizzatore fattura elettronica,Italian e-invoice XML viewer,,,,,,,
E-invoice viewer,IT,aprire fattura xml,open XML invoice,,,,,,,
E-invoice viewer,PL,wizualizacja faktury ksef,KSeF invoice visualisation,,,,,,,
E-invoice viewer,PL,podgląd faktury xml,XML invoice preview,,,,,,,
E-invoice viewer,FR,lecteur factur-x,Factur-X reader,,,,,,,
E-invoice viewer,BE/NL,peppol factuur bekijken,view Peppol invoice,,,,,,,
E-invoice viewer,ES,visor facturae,Facturae viewer,,,,,,,
Payment QR,DE,girocode erstellen,create GiroCode (SEPA QR),,,,,,,
Payment QR,CH,qr rechnung erstellen,create Swiss QR-bill,,,,,,,
Payment QR,PL,generator mikrorachunku podatkowego,Polish tax micro-account generator,,,,,,,
Payment QR,BE,gestructureerde mededeling generator,Belgian structured payment reference,,,,,,,
Payment QR,BE-FR,communication structurée générateur,Belgian structured reference (French),,,,,,,
Numbers to words,DE,zahlen in worten,numbers in words,,,,,,,
Numbers to words,FR,chiffres en lettres,numbers in letters,,,,,,,
Numbers to words,IT,numeri in lettere,numbers in letters,,,,,,,
Numbers to words,ES,números a letras,numbers to letters,,,,,,,
Numbers to words,PL,kwota słownie,amount in words,,,,,,,
Numbers to words,NL,bedrag in letters,amount in letters,,,,,,,
Numbers to words,BR/PT,valor por extenso,amount written out,,,,,,,
Numbers to words,TR,rakamı yazıya çevirme,convert digits to words,,,,,,,
Numbers to words,ID,angka ke terbilang,number to words (invoices),,,,,,,
Numbers to words,Arabic (Gulf),تفقيط المبالغ,amount in Arabic words (cheques),,,,,,,
Numbers to words,VN,đọc số thành chữ,read number as words,,,,,,,
Text compare,DE,text vergleichen,compare text,,,,,,,
Text compare,FR,comparer deux textes,compare two texts,,,,,,,
Text compare,IT,confronta testi,compare texts,,,,,,,
Text compare,ES,comparar textos,compare texts,,,,,,,
Text compare,PL,porównaj teksty,compare texts,,,,,,,
Text compare,NL,tekst vergelijken,compare text,,,,,,,
Text compare,BR,comparar textos online,compare texts online,,,,,,,
Text compare,TR,metin karşılaştırma,text comparison,,,,,,,
Text compare,ID,bandingkan teks,compare text,,,,,,,
Working days,DE,arbeitstage berechnen,calculate working days,,,,,,,
Working days,FR,calcul jours ouvrés,working days calculation,,,,,,,
Working days,IT,calcolo giorni lavorativi,working days calculation,,,,,,,
Working days,ES,calcular días hábiles,calculate business days,,,,,,,
Working days,PL,kalkulator dni roboczych,working days calculator,,,,,,,
Working days,NL,werkdagen berekenen,calculate working days,,,,,,,
Working days,BR,calcular dias úteis,calculate business days,,,,,,,
IBAN / bank,DE,iban prüfen,check IBAN,,,,,,,
IBAN / bank,FR,vérifier iban,check IBAN,,,,,,,
IBAN / bank,IT,verifica iban,check IBAN,,,,,,,
IBAN / bank,ES,validar iban,validate IBAN,,,,,,,
IBAN / bank,PL,sprawdź numer konta bankowego,check bank account number,,,,,,,
IBAN / bank,BE,iban berekenen belgie,calculate Belgian IBAN,,,,,,,
National ID,DE,steuer-id prüfen,check German tax ID,,,,,,,
National ID,FR,vérifier numéro siret,check SIRET number,,,,,,,
National ID,FR,clé numéro sécurité sociale,social security number key,,,,,,,
National ID,IT,verifica codice fiscale,check tax code,,,,,,,
National ID,ES,calcular letra dni,calculate DNI letter,,,,,,,
National ID,ES,validar nie,validate NIE,,,,,,,
National ID,PL,walidator pesel,PESEL validator,,,,,,,
National ID,PL,sprawdź nip,check NIP,,,,,,,
National ID,BE,rijksregisternummer controleren,check Belgian national number,,,,,,,
National ID,NL,bsn controleren,check BSN,,,,,,,
National ID,PT,validar nif,validate NIF,,,,,,,
National ID,TR,tc kimlik no doğrulama,Turkish ID validation,,,,,,,
FR deadlines,FR,calcul délai franc,délai franc calculation,,,,,,,
FR deadlines,FR,délai de carence cdd calcul,CDD waiting period,,,,,,,
FR deadlines,FR,calcul délai de rétractation,withdrawal period calculation,,,,,,,
FR deadlines,FR,45 jours fin de mois calcul,45 days end of month due date,,,,,,,
Grade average,IT,calcolo media universitaria,university grade average,,,,,,,
Grade average,IT,calcolo voto di laurea,graduation mark calculation,,,,,,,
Grade average,ES,calcular nota tipo test,multiple-choice test score,,,,,,,
Grade average,FR,calcul moyenne bac,baccalaureate average,,,,,,,
Grade average,PL,kalkulator średniej ważonej,weighted average calculator,,,,,,,
Grade average,DE,notendurchschnitt berechnen,grade average calculation,,,,,,,
Grade average,NL,gemiddeld cijfer berekenen,average grade calculation,,,,,,,
HEIC to JPG,DE,heic in jpg umwandeln,convert HEIC to JPG,,,,,,,
HEIC to JPG,FR,convertir heic en jpg,convert HEIC to JPG,,,,,,,
HEIC to JPG,IT,convertire heic in jpg,convert HEIC to JPG,,,,,,,
HEIC to JPG,ES,convertir heic a jpg,convert HEIC to JPG,,,,,,,
HEIC to JPG,PL,heic na jpg,HEIC to JPG,,,,,,,
HEIC to JPG,NL,heic naar jpg,HEIC to JPG,,,,,,,
